{"count":1,"self":20.009780799999998,"total":20.0309424,"children":{"InitializeActuators":{"count":1,"self":0.0010023999999999999,"total":0.0010023999999999999,"children":null},"InitializeSensors":{"count":1,"self":0.00050389999999999994,"total":0.00050389999999999994,"children":null},"AgentSendState":{"count":714,"self":0.0025193,"total":0.0045078,"children":{"CollectObservations":{"count":143,"self":0.0005053,"total":0.0005053,"children":null},"WriteActionMask":{"count":143,"self":0,"total":0,"children":null},"RequestDecision":{"count":143,"self":0.0014831999999999998,"total":0.0014831999999999998,"children":null}}},"DecideAction":{"count":714,"self":0.0040165999999999995,"total":0.0040165999999999995,"children":null},"AgentAct":{"count":714,"self":0.0101237,"total":0.0101237,"children":null}},"gauges":{"ZombieDodger.CumulativeReward":{"count":2,"max":-2.69800043,"min":-3.82099962,"runningAverage":-3.2595,"value":-3.82099962,"weightedAverage":-2.97875023}},"metadata":{"timer_format_version":"0.1.0","start_time_seconds":"1780932972","unity_version":"6000.3.9f1","command_line_arguments":"C:\\Program Files\\Unity\\Hub\\Editor\\6000.3.9f1\\Editor\\Unity.exe -projectpath C:\\Users\\DAKSH\\Documents\\MyZombieGame\\gait2610-a3-a3_s4088958_s4135606_s4075055 -acceptSoftwareTermsForThisRunOnly -useHub -hubIPC -cloudEnvironment production","communication_protocol_version":"1.5.0","com.unity.ml-agents_version":"4.0.3","scene_name":"ZombieGame","end_time_seconds":"1780932992"}}